cluster,seed,broad_frequency_world,exact_frequency_world,direct_match,related_rows,live_yandex_suggestions_count,live_yandex_suggestions,top_related,source,collected_at
Контент-производство,контент завод,3968,951,контент завод,6,10,контент завод что это | контент завод это | контент-завод | контент завод под ключ | контент завод что такое | контент завод для маркетплейсов | контент завод ии | контент завод через ии | контент завод вакансии | контент завод names,контент завод [951] | контент завод это [148] | контент завод артем кей [31] | завод контента [22] | контент план для завода [2] | ооо контент завод [1],Bukvarix free API + Yandex Suggest,2026-08-11T18:45:41.712569+00:00
Продажи и продвижение,продвижение на маркетплейсах,6573,595,продвижение на маркетплейсах,344,10,продвижение на маркетплейсах | продвижение на маркетплейсах под ключ | продвижение на маркетплейсах обучение | продвижение на маркетплейсах агентство | продвижение на маркетплейсах иваново | продвижение на маркетплейсах заказать | продвижение на маркетплейсах цена | продвижение на маркетплейсах услуги | продвижение товаров на маркетплейсах | курс продвижение на маркетплейсах,продвижение на маркетплейсах [595] | продвижение товара на маркетплейсах [292] | продвижение на маркетплейсах под ключ [262] | продвижение карточек на маркетплейсах [215] | продвижение на маркетплейсах агентство [203] | агентство продвижение на маркетплейсах [201] | стоимость продвижения на маркетплейсах [177] | продвижение товаров на маркетплейсах [165],Bukvarix free API + Yandex Suggest,2026-08-11T18:45:41.712569+00:00
Продажи и продвижение,ведение маркетплейсов,2810,202,ведение маркетплейсов,85,10,ведение маркетплейсов под ключ | ведение маркетплейсов | ведение маркетплейсов обучение | ведение маркетплейсов в 1с бухгалтерия | ведение маркетплейсов услуги | ведение бухгалтерии маркетплейсов | ведение учета маркетплейсов в 1с | ведение бухгалтерского учета маркетплейсов | ведение бухгалтерии для маркетплейсов | договор на ведение маркетплейсов,ведение маркетплейсов [202] | ведение магазина на маркетплейсе [171] | ведение маркетплейсов под ключ [167] | ведение маркетплейсов в 1с бухгалтерия [167] | ведение бухгалтерии на маркетплейсах с нуля [107] | ведение бухгалтерии маркетплейсов [94] | ведение магазина на маркетплейсе под ключ [32] | курсы по ведению маркетплейсов [23],Bukvarix free API + Yandex Suggest,2026-08-11T18:45:41.712569+00:00
Продажи и продвижение,продвижение товаров на маркетплейсах,1771,165,продвижение товаров на маркетплейсах,98,4,продвижение товаров на маркетплейсах | продвижение товаров на маркетплейсах услуги | внешнее продвижение товаров на маркетплейсах | продвижение товара на маркетплейсах,продвижение товара на маркетплейсах [292] | продвижение товаров на маркетплейсах [165] | услуги по продвижению товара на маркетплейсах [121] | продвижение карточек товара на маркетплейсах [120] | продвижение товаров на маркетплейсах агентство [115] | продвижение товаров на маркетплейсах услуги [72] | продвижение товаров на маркетплейсах обучение [54] | внешнее продвижение товаров на маркетплейсах [22],Bukvarix free API + Yandex Suggest,2026-08-11T18:45:41.712569+00:00
Продажи и продвижение,продвижение товара на wildberries,351,125,продвижение товара на wildberries,36,2,продвижение товара на вайлдберриз | продвижение карточки товара на вайлдберриз,seo продвижение карточки товара wildberries [145] | продвижение товара на wildberries [125] | продвижение товаров на wildberries [110] | продвижение товаров wildberries [6] | продвижение wildberries товаров [6] | wildberries продвижение товаров [4] | продвижение товаров в wildberries [2] | продвижение карточки товара wildberries [1],Bukvarix free API + Yandex Suggest,2026-08-11T18:45:41.712569+00:00
Видео для товаров,видео для маркетплейсов,1309,76,видео для маркетплейсов,116,3,видео для маркетплейсов заказать | видео для маркетплейсов цена | видео для маркетплейсов как делать,видео для маркетплейсов [76] | съемка видео для маркетплейсов [56] | маркетплейс видео [35] | видео маркетплейс [30] | маркетплейс м видео [29] | м видео маркетплейс [29] | видео для маркетплейсов цена [27] | видео для маркетплейсов москва [15],Bukvarix free API + Yandex Suggest,2026-08-11T18:45:41.712569+00:00
Контент-производство,контент для маркетплейсов,1013,34,контент для маркетплейсов,94,10,контент для маркетплейсов | что такое рич контент для маркетплейсов | рич контент для маркетплейсов что это | контент завод для маркетплейсов | рич контент для маркетплейсов | rich контент это для маркетплейсов что | rich контент для маркетплейсов что это | контент менеджер для маркетплейсов | что такое rich контент на маркетплейсах | контент менеджер на маркетплейсах что делает,что такое рич контент для маркетплейсов [165] | рич контент для маркетплейсов [126] | рич контент для маркетплейсов что это [85] | контент для маркетплейсов [34] | rich контент для маркетплейсов что это [21] | что такое rich контент на маркетплейсах [21] | создание контента для маркетплейсов [19] | контент менеджер маркетплейсов [15],Bukvarix free API + Yandex Suggest,2026-08-11T18:45:41.712569+00:00
Продажи и продвижение,услуги для маркетплейсов,1632,33,услуги для маркетплейсов,432,10,услуги для маркетплейсов | упаковка товаров для маркетплейсов услуги | услуги для селлеров маркетплейсов | бухгалтерские услуги для маркетплейсов | услуги фулфилмента для маркетплейсов | услуги фулфилмент для маркетплейсов в москве | услуги фулфилмент для маркетплейсов | услуги по упаковке товара для маркетплейсов | складские услуги для маркетплейсов | инфографика для маркетплейсов услуги,услуги продвижение на маркетплейсах [138] | маркетплейс игровых товаров и услуг [125] | playerok маркетплейс игровых товаров и услуг [123] | услуги по продвижению товара на маркетплейсах [121] | продвижение на маркетплейсах услуги [119] | упаковка товаров для маркетплейсов услуги [112] | услуги по маркетплейсам [109] | услуги для селлеров маркетплейсов [101],Bukvarix free API + Yandex Suggest,2026-08-11T18:45:41.712569+00:00
Продажи и продвижение,продвижение товара на ozon,289,21,продвижение товара на ozon,18,6,продвижение товара на озон | продвижение товара на озон как работает | продвижение товара на озон селлер | продвижение товаров на ozon | как устроено продвижение товара на озон | сколько стоит продвижение товара на озон,продвижение товаров на ozon [193] | продвижение товара на ozon [21] | инструменты продвижения товаров на ozon [1] | продвижение товаров на ozon цена [1] | ozon продвижение товаров [0] | продвижение ozon товаров [0] | ozon продвижение товара [0] | продвижение товара ozon [0],Bukvarix free API + Yandex Suggest,2026-08-11T18:45:41.712569+00:00
Контент-производство,создание контента для маркетплейсов,99,19,создание контента для маркетплейсов,5,1,создание контента для маркетплейсов,создание контента для маркетплейсов [19] | создание контента для маркетплейса [0] | создание контент для маркетплейсов [0] | создание rich контента для маркетплейсов [0] | создание контента для маркетплейсов спб [0],Bukvarix free API + Yandex Suggest,2026-08-11T18:45:41.712569+00:00
Продажи и продвижение,вывод товара в топ wildberries,19,15,вывод товара в топ wildberries,3,0,,вывод товара в топ wildberries [15] | вывод товара в топ на wildberries [0] | вывод товаров в топ на wildberries [0],Bukvarix free API + Yandex Suggest,2026-08-11T18:45:41.712569+00:00
UGC и креаторы,ugc контент заказать,9,9,ugc контент заказать,1,0,,ugc контент заказать [9],Bukvarix free API + Yandex Suggest,2026-08-11T18:45:41.712569+00:00
Видео для товаров,видео для карточки товара,367,8,видео для карточки товара,110,3,видео для карточки товара вайлдберриз | видео для карточки товара | видео для карточки товара ии,как скачать видео с озона с карточки товара [92] | размер видео на вб в карточке товара [20] | видео для карточки товара вайлдберриз [17] | размер видео для озон в карточке товара [9] | видео для карточки товара [8] | тильда видео в карточке товара [8] | как в тильде добавить видео в карточку товара [8] | видео в карточке товара тильда [7],Bukvarix free API + Yandex Suggest,2026-08-11T18:45:41.712569+00:00
Система и аналитика,аналитика контента,561,7,аналитика контента,72,2,аналитика контента | аналитик контента,аналитик контента [13] | контент аналитик [13] | статистика и аналитика контента социальных сетей бесплатно [11] | аналитика контента [7] | контент аналитик вакансии [5] | аналитика контента конкурентов [4] | контент аналитика [3] | контент аналитик это [3],Bukvarix free API + Yandex Suggest,2026-08-11T18:45:41.712569+00:00
Продажи и продвижение,ведение wildberries,108,4,ведение wildberries,16,1,ведение wildberries,ведение wildberries [4] | ведение wildberries цена [1] | ведение маркетплейсов wildberries [0] | wildberries ведение аккаунта [0] | ведение аккаунта wildberries [0] | ведение товара на wildberries [0] | wildberries ведение магазина [0] | ведение продаж на wildberries [0],Bukvarix free API + Yandex Suggest,2026-08-11T18:45:41.712569+00:00
Продажи и продвижение,как увеличить продажи на wildberries,21,4,как увеличить продажи на wildberries,3,2,как увеличить продажи на вайлдберриз | как увеличить продажи на вайлдберриз лайфхаки,как увеличить продажи на wildberries [4] | wildberries как увеличить продажи [0] | как увеличить объем продаж на wildberries [0],Bukvarix free API + Yandex Suggest,2026-08-11T18:45:41.712569+00:00
Внешний трафик,внешний трафик ozon,17,4,внешний трафик ozon,2,1,внешний трафик на озон,внешний трафик ozon [4] | внешний трафик на ozon [1],Bukvarix free API + Yandex Suggest,2026-08-11T18:45:41.712569+00:00
Видео для товаров,видеообзор товара,196,3,видеообзор товара,24,1,видеообзор товара,заказать видеообзор товара [4] | видеообзор товара заказать [4] | видеообзор товара [3] | видеообзор товаров [1] | видеообзор на товар [0] | видеообзор товара озон [0] | видеообзор товара цена [0] | видеообзор товара как делать [0],Bukvarix free API + Yandex Suggest,2026-08-11T18:45:41.712569+00:00
Внешний трафик,внешний трафик wb,52,3,внешний трафик wb,2,1,внешний трафик wb отследить,внешний трафик wb [3] | внешний трафик на wb [0],Bukvarix free API + Yandex Suggest,2026-08-11T18:45:41.712569+00:00
Продажи и продвижение,маркетплейс агентство,1663,2,маркетплейс агентство,33,0,,агентство по работе с маркетплейсами [213] | продвижение на маркетплейсах агентство [203] | агентство продвижение на маркетплейсах [201] | агентство по маркетплейсам [137] | продвижение на маркетплейсах агентства [133] | агентство маркетплейсов [124] | продвижение товаров на маркетплейсах агентство [115] | агентство по продвижению на маркетплейсах [84],Bukvarix free API + Yandex Suggest,2026-08-11T18:45:41.712569+00:00
Видео для товаров,распаковка товара видео,160,2,распаковка товара видео,16,0,,видео распаковки товара [2] | видео распаковка товара [2] | распаковка товара видео [2] | видео распаковка товаров с алиэкспресс [1] | распаковка товаров с алиэкспресс видео [1] | видео распаковки товаров [0] | видео распаковка товаров [0] | как снять видео распаковки товара [0],Bukvarix free API + Yandex Suggest,2026-08-11T18:45:41.712569+00:00
Внешний трафик,внешняя реклама ozon,24,2,внешняя реклама ozon,2,3,внешняя реклама озон | внешняя реклама на озон | внешняя реклама для озон,ozon внешняя реклама [2] | внешняя реклама ozon [2],Bukvarix free API + Yandex Suggest,2026-08-11T18:45:41.712569+00:00
Видео для товаров,видео реклама товара,417,1,видео реклама товара,39,1,видеореклама товара,реклама товара видео [1] | видео реклама товара [1] | рекламы товаров видео [0] | реклама товаров видео [0] | товары реклама видео [0] | реклама видео товаров [0] | видео реклама товаров [0] | видео рекламы товара [0],Bukvarix free API + Yandex Suggest,2026-08-11T18:45:41.712569+00:00
Контент-производство,внешний отдел маркетинга,76,1,внешний отдел маркетинга,5,0,,внешний отдел маркетинга [1] | внешний маркетинг отдел [0] | отдел маркетинга внешняя среда [0] | внутренняя и внешняя коммуникация отдела маркетинга [0] | внешняя информация отдела маркетинга [0],Bukvarix free API + Yandex Suggest,2026-08-11T18:45:41.712569+00:00
Продажи и продвижение,продвижение товара на wb,72,1,продвижение товара на wb,4,1,продвижение товаров на wb,продвижение товаров wb [1] | продвижение товара на wb [1] | продвижение карточки товара wb [0] | продвижение карточек товара на wb [0],Bukvarix free API + Yandex Suggest,2026-08-11T18:45:41.712569+00:00
Внешний трафик,внешний трафик на wildberries,29,1,внешний трафик на wildberries,4,2,внешний трафик на вайлдберриз | внешний трафик на вайлдберриз что это,wildberries внешний трафик [1] | внешний трафик wildberries [1] | внешний трафик на wildberries [1] | внешний трафик для wildberries [0],Bukvarix free API + Yandex Suggest,2026-08-11T18:45:41.712569+00:00
Блогеры и performance,реклама у блогеров wildberries,10,1,wildberries реклама у блогеров,1,0,,wildberries реклама у блогеров [1],Bukvarix free API + Yandex Suggest,2026-08-11T18:45:41.712569+00:00
Внешний трафик,внешний трафик на ozon,5,1,внешний трафик на ozon,2,1,внешний трафик на озон,внешний трафик ozon [4] | внешний трафик на ozon [1],Bukvarix free API + Yandex Suggest,2026-08-11T18:45:41.712569+00:00
Видео для товаров,видео для wildberries,412,0,видео для wildberries,146,2,видео для вб требования | видео для вб формат,скачать видео с wildberries [51] | как скачать видео с wildberries [15] | wildberries видео [14] | видео wildberries [14] | формат видео для wildberries [12] | требования к видео wildberries [9] | wildberries требования к видео [9] | требования wildberries к видео [9],Bukvarix free API + Yandex Suggest,2026-08-11T18:45:41.712569+00:00
Продажи и продвижение,реклама товара на wildberries,168,0,реклама товара на wildberries,23,1,реклама карточки товара на вайлдберриз через яндекс директ,реклама на товары wildberries [1] | wildberries реклама в карточке товара [1] | реклама в карточке товара wildberries [1] | реклама в wildberries карточке товара [1] | реклама товаров wildberries [0] | wildberries реклама товаров [0] | wildberries реклама товара [0] | реклама товаров на wildberries [0],Bukvarix free API + Yandex Suggest,2026-08-11T18:45:41.712569+00:00
Продажи и продвижение,реклама товара на ozon,85,0,реклама товара на ozon,9,1,реклама товара на озон,реклама товаров ozon [2] | ozon реклама товаров [0] | ozon реклама товара [0] | реклама товаров на ozon [0] | реклама товара на ozon [0] | товары из рекламы ozon [0] | ozon реклама товаров поиск [0] | реклама товаров поиск ozon [0],Bukvarix free API + Yandex Suggest,2026-08-11T18:45:41.712569+00:00
Система и аналитика,аналитика креативов,63,0,аналитика креативов,8,0,,креатив аналитик [0] | аналитика креатива [0] | аналитика креативов [0] | аналитика креатив [0] | креатив аналитика [0] | креатив и аналитика [0] | аналитика маркетинг креатив [0] | аналитика динамических креативов [0],Bukvarix free API + Yandex Suggest,2026-08-11T18:45:41.712569+00:00
Внешний трафик,внешняя реклама wildberries,39,0,внешняя реклама wildberries,2,5,внешняя реклама вайлдберриз | внешняя реклама на вайлдберриз | внешняя реклама для вайлдберриз | внешняя реклама на вайлдберриз что это | что значит внешняя реклама на вайлдберриз,внешняя реклама для wildberries [3] | внешняя реклама wildberries [0],Bukvarix free API + Yandex Suggest,2026-08-11T18:45:41.712569+00:00
Продажи и продвижение,увеличить продажи на wildberries,34,0,увеличить продажи на wildberries,6,2,как увеличить продажи на вайлдберриз | как увеличить продажи на вайлдберриз лайфхаки,как увеличить продажи на wildberries [4] | увеличить продажи wildberries [0] | увеличить продажи на wildberries [0] | увеличим продажи на wildberries [0] | wildberries как увеличить продажи [0] | как увеличить объем продаж на wildberries [0],Bukvarix free API + Yandex Suggest,2026-08-11T18:45:41.712569+00:00
Продажи и продвижение,увеличить продажи на ozon,31,0,увеличить продажи на ozon,4,4,увеличить продажи на озон | как увеличить продажи на озон | как увеличить продажи на озон селлер | как увеличить продажи на озоне бесплатно и быстро,как увеличить продажи на ozon [1] | ozon увеличить продажи [0] | увеличить продажи ozon [0] | увеличить продажи на ozon [0],Bukvarix free API + Yandex Suggest,2026-08-11T18:45:41.712569+00:00
Продажи и продвижение,запуск товара на wildberries,15,0,запуск товара на wildberries,2,0,,запуск товара на wildberries [0] | запуск товаров на wildberries [0],Bukvarix free API + Yandex Suggest,2026-08-11T18:45:41.712569+00:00
Блогеры и performance,cpo продвижение,4,0,cpo продвижение,1,0,,cpo продвижение [0],Bukvarix free API + Yandex Suggest,2026-08-11T18:45:41.712569+00:00
Продажи и продвижение,раскрутка товара на wildberries,2,0,раскрутка товара на wildberries,5,0,,раскрутка wildberries товаров [0] | раскрутка товара на wildberries [0] | раскрутка товара в wildberries [0] | раскрутка товаров на wildberries [0] | wildberries раскрутка товара [0],Bukvarix free API + Yandex Suggest,2026-08-11T18:45:41.712569+00:00
Продажи и продвижение,продвижение нового товара на wildberries,0,0,,0,0,,,Bukvarix free API + Yandex Suggest,2026-08-11T18:45:41.712569+00:00
Продажи и продвижение,агентство по продвижению маркетплейсов,0,0,,12,0,,продвижение на маркетплейсах агентство [203] | агентство продвижение на маркетплейсах [201] | продвижение на маркетплейсах агентства [133] | продвижение товаров на маркетплейсах агентство [115] | агентство по продвижению на маркетплейсах [84] | агентство продвижения на маркетплейсах [7] | агентства по продвижению на маркетплейсах [6] | продвижение на маркетплейсе агентство [3],Bukvarix free API + Yandex Suggest,2026-08-11T18:45:41.712569+00:00
Продажи и продвижение,ведение ozon,0,0,,3,6,ведение ozon | ведение магазина ozon | ведение кабинета на озон | ведение магазина на озон под ключ | ведение личного кабинета на озон | ведение магазина на озон,ведение маркетплейса ozon [0] | ведение магазина на ozon [0] | ведение магазинов на ozon [0],Bukvarix free API + Yandex Suggest,2026-08-11T18:45:41.712569+00:00
Внешний трафик,внешний трафик на маркетплейсы,0,0,,0,3,внешний трафик на маркетплейсы | зачем необходимо привлекать внешний трафик на маркетплейсы | внешний трафик для маркетплейсов,,Bukvarix free API + Yandex Suggest,2026-08-11T18:45:41.712569+00:00
Внешний трафик,внешний трафик wildberries,0,0,,0,0,,,Bukvarix free API + Yandex Suggest,2026-08-11T18:45:41.712569+00:00
Внешний трафик,внешняя реклама маркетплейсов,0,0,,4,2,внешняя реклама для маркетплейсов | внешняя реклама для маркетплейсов это,внешняя реклама для маркетплейсов [97] | внешняя реклама на маркетплейсах [7] | внутренняя и внешняя реклама на маркетплейсах [1] | эффективность внешней рекламы для маркетплейсов [0],Bukvarix free API + Yandex Suggest,2026-08-11T18:45:41.712569+00:00
Видео для товаров,видео для ozon,0,0,,0,5,видео озон | видео озон пвз | видео озон личный кабинет | видео озон обучение | видео озон требования,,Bukvarix free API + Yandex Suggest,2026-08-11T18:45:41.712569+00:00
Видео для товаров,видеосъемка для маркетплейсов,0,0,,0,3,видеосъемка для маркетплейсов | предметная видеосъемка для маркетплейсов | съемка видео для маркетплейсов,,Bukvarix free API + Yandex Suggest,2026-08-11T18:45:41.712569+00:00
Видео для товаров,видеосъемка товара для маркетплейсов,0,0,,4,0,,видеосъемка товаров для маркетплейсов [5] | видеосъемка товар маркетплейс [0] | видеосъемка товара для маркетплейса [0] | видеосъемка товаров на маркетплейс [0],Bukvarix free API + Yandex Suggest,2026-08-11T18:45:41.712569+00:00
Видео для товаров,продающее видео для маркетплейсов,0,0,,0,0,,,Bukvarix free API + Yandex Suggest,2026-08-11T18:45:41.712569+00:00
Видео для товаров,креативы для маркетплейсов,0,0,,2,0,,креатив маркетплейс [0] | маркетплейс креатив маркет [0],Bukvarix free API + Yandex Suggest,2026-08-11T18:45:41.712569+00:00
Видео для товаров,короткие видео для бизнеса,0,0,,4,0,,короткое бизнес видео [0] | короткие бизнес видео [0] | короткие видео про бизнеса [0] | мы открываем бизнес видео короткое [0],Bukvarix free API + Yandex Suggest,2026-08-11T18:45:41.712569+00:00
Видео для товаров,рилс для бизнеса,0,0,,1,1,создание reels для бизнеса,рилс в бизнес аккаунтах [0],Bukvarix free API + Yandex Suggest,2026-08-11T18:45:41.712569+00:00
Видео для товаров,reels для бренда,0,0,,0,0,,,Bukvarix free API + Yandex Suggest,2026-08-11T18:45:41.712569+00:00
UGC и креаторы,ugc для маркетплейсов,0,0,,0,0,,,Bukvarix free API + Yandex Suggest,2026-08-11T18:45:41.712569+00:00
UGC и креаторы,ugc контент для бренда,0,0,,0,0,,,Bukvarix free API + Yandex Suggest,2026-08-11T18:45:41.712569+00:00
UGC и креаторы,заказать ugc видео,0,0,,0,0,,,Bukvarix free API + Yandex Suggest,2026-08-11T18:45:41.712569+00:00
UGC и креаторы,ugc агентство,0,0,,0,7,ugc агентство | ugc агентство это | агентство гпс и гз архангельской области | агентство гпс и гз архангельской | агентство гпс и гз | агентство гпс и гз архангельской области официальный сайт | агентство гпс и гз ао,,Bukvarix free API + Yandex Suggest,2026-08-11T18:45:41.712569+00:00
UGC и креаторы,ugc студия,0,0,,0,0,,,Bukvarix free API + Yandex Suggest,2026-08-11T18:45:41.712569+00:00
UGC и креаторы,креаторы для бренда,0,0,,5,1,креатор для бренда,бренд тайлера креатора [20] | бренд креатор [5] | бренд креатор это [0] | тайлер креатор бренд [0] | бренд американ креатор [0],Bukvarix free API + Yandex Suggest,2026-08-11T18:45:41.712569+00:00
UGC и креаторы,креатор для маркетплейсов,0,0,,10,0,,роблокс креатор маркетплейс [98] | креатор маркетплейс роблокс [98] | креатор маркетплейс [5] | тик ток маркетплейс креатор [3] | маркетплейс тик ток креатор [3] | креатор маркетплейс тик ток [3] | тик ток креатор маркетплейс [2] | тикток креатор маркетплейс [1],Bukvarix free API + Yandex Suggest,2026-08-11T18:45:41.712569+00:00
Контент-производство,контент завод для бизнеса,0,0,,0,1,контент завод для бизнеса,,Bukvarix free API + Yandex Suggest,2026-08-11T18:45:41.712569+00:00
Контент-производство,контент завод для бренда,0,0,,0,0,,,Bukvarix free API + Yandex Suggest,2026-08-11T18:45:41.712569+00:00
Контент-производство,производство контента для соцсетей,0,0,,0,0,,,Bukvarix free API + Yandex Suggest,2026-08-11T18:45:41.712569+00:00
Контент-производство,контент на аутсорсе,0,0,,0,0,,,Bukvarix free API + Yandex Suggest,2026-08-11T18:45:41.712569+00:00
Контент-производство,отдел контента на аутсорсе,0,0,,0,0,,,Bukvarix free API + Yandex Suggest,2026-08-11T18:45:41.712569+00:00
Контент-производство,контент маркетинг для маркетплейсов,0,0,,0,0,,,Bukvarix free API + Yandex Suggest,2026-08-11T18:45:41.712569+00:00
AI-контент,ai видео для товара,0,0,,0,0,,,Bukvarix free API + Yandex Suggest,2026-08-11T18:45:41.712569+00:00
AI-контент,ии видео для товара,0,0,,0,0,,,Bukvarix free API + Yandex Suggest,2026-08-11T18:45:41.712569+00:00
AI-контент,видео из фото товара,0,0,,95,5,видео из изображения | видео из изображения нейросеть бесплатно | видео из изображения бесплатно | видео из изображения нейросеть | видео из изображения ии,м видео интернет магазин во владимире каталог товаров с ценами и фото [21] | м видео интернет магазин в омске каталог товаров с ценами и фото [14] | м видео интернет магазин нальчик каталог товаров с ценами и фото [7] | м видео интернет магазин санкт петербург каталог товаров холодильники цены и фото [7] | м видео интернет магазин в махачкале каталог товаров с ценами и фото [7] | м видео интернет магазин москва официальный сайт каталог товаров с ценами фото [5] | м видео каталог товаров в москве с ценами и фото [4] | м видео интернет магазин ессентуки каталог товаров с ценами и фото [4],Bukvarix free API + Yandex Suggest,2026-08-11T18:45:41.712569+00:00
AI-контент,генерация видео для маркетплейсов,0,0,,0,0,,,Bukvarix free API + Yandex Suggest,2026-08-11T18:45:41.712569+00:00
AI-контент,нейросеть для видео товара,0,0,,0,10,нейросеть для роликов | нейросеть для создания роликов | нейросеть для создания роликов бесплатно | нейросеть для создания ролика | нейросеть для генерации роликов | нейросеть для монтажа роликов | нейросеть для создания ролика по тексту | бесплатная нейросеть для создания роликов | нейросеть для создания рекламного ролика | нейросеть для создания коротких роликов,,Bukvarix free API + Yandex Suggest,2026-08-11T18:45:41.712569+00:00
AI-контент,нейросеть для видео маркетплейсов,0,0,,0,0,,,Bukvarix free API + Yandex Suggest,2026-08-11T18:45:41.712569+00:00
AI-контент,нейрофотосессия товара,0,0,,0,10,нейрофотосессия товара | нейрофотосессия для товара | ии для фото товара | оживить фото товара ии | оживить фото товара ии habr.com | ии описание товара по фото | как сделать фото товара с помощью ии | ии фото для карточки товара | ии для создания фото товара | ии фото товара,,Bukvarix free API + Yandex Suggest,2026-08-11T18:45:41.712569+00:00
AI-контент,ai контент для маркетплейсов,0,0,,0,0,,,Bukvarix free API + Yandex Suggest,2026-08-11T18:45:41.712569+00:00
Блогеры и performance,блогеры для wildberries,0,0,,1,0,,wildberries реклама у блогеров [1],Bukvarix free API + Yandex Suggest,2026-08-11T18:45:41.712569+00:00
Блогеры и performance,блогеры для ozon,0,0,,0,2,блоггеры озон | озон блоггеры,,Bukvarix free API + Yandex Suggest,2026-08-11T18:45:41.712569+00:00
Блогеры и performance,продвижение товара через блогеров,0,0,,0,0,,,Bukvarix free API + Yandex Suggest,2026-08-11T18:45:41.712569+00:00
Блогеры и performance,блогеры за процент от продаж,0,0,,0,0,,,Bukvarix free API + Yandex Suggest,2026-08-11T18:45:41.712569+00:00
Блогеры и performance,реклама товара с оплатой за заказ,0,0,,0,0,,,Bukvarix free API + Yandex Suggest,2026-08-11T18:45:41.712569+00:00
Блогеры и performance,партнерская программа для бренда,0,0,,5,0,,бренда партнерская программа [0] | партнерская программа бренды [0] | партнерская программа бренда [0] | партнерская программа бренд одежда [0] | партнерская программа реклама бренда [0],Bukvarix free API + Yandex Suggest,2026-08-11T18:45:41.712569+00:00
Система и аналитика,автоматизация контента для маркетплейсов,0,0,,0,0,,,Bukvarix free API + Yandex Suggest,2026-08-11T18:45:41.712569+00:00
Система и аналитика,система управления контентом,0,0,,0,10,система управления контентом | система управления контентом это | система управления контентом cms | система управления контентом cms это | система управления контентом cms или движок это | система управления контентом сайта | по локальный веб-сервер и система управления контентом cms | система управления корпоративным контентом | cms система управления контентом | что такое система управления контентом cms,,Bukvarix free API + Yandex Suggest,2026-08-11T18:45:41.712569+00:00
Система и аналитика,управление контентом товаров,0,0,,0,0,,,Bukvarix free API + Yandex Suggest,2026-08-11T18:45:41.712569+00:00
Система и аналитика,платформа для создания контента,0,0,,9,10,яндекс дзен платформа для просмотра и создания контента | яндекс платформа для просмотра и создания контента | дзен ру платформа для просмотра и создания контента | дзен платформа для просмотра и создания контента вы | платформа для просмотра и создания контента дзен | дзен платформа для просмотра и создания контента дзен | дзен платформа для просмотра и создания контента что | дзен платформа для просмотра и создания контента dzen.ru | дзен платформа для создания контента | дзен платформа для создания и просмотра контента,дзен платформа для просмотра и создания контента [28865] | дзен платформа для просмотра и создания контента вы всегда [855] | яндекс платформа для просмотра и создания контента [193] | платформа для просмотра и создания контента [182] | дзен платформа для просмотра и создания контента что это [45] | дзен платформа для просмотра и создания контента вы [7] | дзен платформа для просмотра создания контента [6] | дзен платформа для просмотра и создания контента что [3],Bukvarix free API + Yandex Suggest,2026-08-11T18:45:41.712569+00:00
Система и аналитика,контент платформа для бизнеса,0,0,,1,0,,бизнес контент платформа [0],Bukvarix free API + Yandex Suggest,2026-08-11T18:45:41.712569+00:00
